{
  "sites": [
    {
      "_id": "site-1757304649439",
      "name": "new assian",
      "slug": "assian",
      "domains": [],
      "isActive": true
    },
    {
      "_id": "site-1757302179979",
      "name": "web",
      "slug": "website1",
      "domains": [],
      "isActive": true
    },
    {
      "_id": "site-1757247910961",
      "name": "aman",
      "slug": "aman",
      "domains": [
        "aman"
      ],
      "isActive": true,
      "uberCustomerId": "7fd4309c-1b51-4571-80c9-9d9ca31a73ff",
      "pickup": {
        "name": "aaaa",
        "phone": "+1 (587) 710-4641",
        "address": {
          "streetAddress": [
            "100 Queen St W"
          ],
          "city": "Toronto",
          "province": "ON   ",
          "postalCode": "M5H 2N2",
          "country": "CA"
        }
      }
    },
    {
      "_id": "mock-site",
      "name": "Default Site",
      "slug": "default",
      "isActive": true
    }
  ],
  "categories": [
    {
      "_id": "c-1757304677239",
      "name": "drinks",
      "imageUrl": "",
      "site": "site-1757304649439"
    },
    {
      "_id": "c-1757304669157",
      "name": "food",
      "imageUrl": "",
      "site": "site-1757304649439"
    },
    {
      "_id": "c-1757302197026",
      "name": "starter",
      "imageUrl": "",
      "site": "site-1757302179979"
    },
    {
      "_id": "c-1757247941343",
      "name": "test",
      "imageUrl": "",
      "site": "site-1757247910961"
    },
    {
      "_id": "c-1",
      "name": "Starters",
      "imageUrl": "https://picsum.photos/seed/starters/400/400",
      "sortIndex": 1,
      "site": "mock-site"
    },
    {
      "_id": "c-2",
      "name": "Mains",
      "imageUrl": "https://picsum.photos/seed/mains/400/400",
      "sortIndex": 2,
      "site": "mock-site"
    },
    {
      "_id": "c-3",
      "name": "Beverages",
      "imageUrl": "https://picsum.photos/seed/beverages/400/400",
      "sortIndex": 3,
      "site": "mock-site"
    }
  ],
  "products": [
    {
      "_id": "p-1757304717824",
      "name": "p1",
      "description": "this",
      "imageUrl": "",
      "price": 55,
      "categoryId": "c-1757304669157",
      "spiceLevels": [
        "diewhdijew"
      ],
      "extraOptionGroups": [],
      "site": "site-1757304649439"
    },
    {
      "_id": "p-1757302221680",
      "name": "p1",
      "description": "weiedheiwhdew",
      "imageUrl": "",
      "price": 55,
      "categoryId": "c-1757302197026",
      "spiceLevels": [
        "hotmediu"
      ],
      "extraOptionGroups": [],
      "site": "site-1757302179979"
    },
    {
      "_id": "p-1757247958478",
      "name": "test",
      "description": "oe3dlkr3nndkr",
      "imageUrl": "",
      "price": 55,
      "categoryId": "c-1757247941343",
      "spiceLevels": [],
      "extraOptionGroups": [],
      "site": "site-1757247910961"
    },
    {
      "_id": "p-1",
      "name": "Spring Rolls",
      "description": "Crispy veggie rolls with sweet chili sauce",
      "imageUrl": "https://picsum.photos/seed/spring-rolls/800/600",
      "price": 6.5,
      "categoryId": "c-1",
      "spiceLevels": [
        "Mild",
        "Medium",
        "Hot"
      ],
      "extraOptionGroups": [
        {
          "groupKey": "sauce",
          "groupLabel": "Sauce",
          "minSelect": 0,
          "maxSelect": 2,
          "options": [
            {
              "key": "chili",
              "label": "Chili",
              "priceDelta": 0
            },
            {
              "key": "peanut",
              "label": "Peanut",
              "priceDelta": 0.5
            }
          ]
        }
      ],
      "site": "mock-site"
    },
    {
      "_id": "p-2",
      "name": "Green Curry",
      "description": "Thai green curry with vegetables",
      "imageUrl": "https://picsum.photos/seed/green-curry/800/600",
      "price": 12,
      "categoryId": "c-2",
      "spiceLevels": [
        "Mild",
        "Medium",
        "Hot",
        "Extra Hot"
      ],
      "extraOptionGroups": [
        {
          "groupKey": "protein",
          "groupLabel": "Protein",
          "minSelect": 1,
          "maxSelect": 1,
          "options": [
            {
              "key": "tofu",
              "label": "Tofu",
              "priceDelta": 0
            },
            {
              "key": "chicken",
              "label": "Chicken",
              "priceDelta": 2
            },
            {
              "key": "shrimp",
              "label": "Shrimp",
              "priceDelta": 3
            }
          ]
        },
        {
          "groupKey": "extras",
          "groupLabel": "Extras",
          "minSelect": 0,
          "maxSelect": 2,
          "options": [
            {
              "key": "rice",
              "label": "Extra rice",
              "priceDelta": 2
            },
            {
              "key": "veggies",
              "label": "Extra veggies",
              "priceDelta": 1.5
            }
          ]
        }
      ],
      "site": "mock-site"
    },
    {
      "_id": "p-3",
      "name": "Iced Tea",
      "description": "Refreshing house iced tea",
      "imageUrl": "https://picsum.photos/seed/iced-tea/800/600",
      "price": 3,
      "categoryId": "c-3",
      "extraOptionGroups": [
        {
          "groupKey": "sweetness",
          "groupLabel": "Sweetness",
          "minSelect": 1,
          "maxSelect": 1,
          "options": [
            {
              "key": "0",
              "label": "0%",
              "priceDelta": 0
            },
            {
              "key": "50",
              "label": "50%",
              "priceDelta": 0
            },
            {
              "key": "100",
              "label": "100%",
              "priceDelta": 0
            }
          ]
        }
      ],
      "site": "mock-site"
    }
  ]
}